"id_national","month","andeb","anfin","tmm","tnm","txm","rrtm"
11413222,1,1961,1990,10.5,5.6,15.8,76.8
11413222,2,1961,1990,10.9,5.8,16.2,73.1
11413222,3,1961,1990,12.4,6.8,17.9,58
11413222,4,1961,1990,14.6,8.6,20.5,41.8
11413222,5,1961,1990,18.7,11.6,25.9,24.9
11413222,6,1961,1990,23.2,15.8,30.5,10.7
11413222,7,1961,1990,26.3,18.6,33.9,3.3
11413222,8,1961,1990,27.4,19.7,34.7,7.1
11413222,9,1961,1990,24.3,17.8,30.8,34.3
11413222,10,1961,1990,19.9,14,25.5,71.5
11413222,11,1961,1990,15.3,10,20.4,70.6
11413222,12,1961,1990,12,7.1,16.9,76.3
11414111,1,1961,1990,11.1,6.9,15.3,91.9
11414111,2,1961,1990,11.4,7,15.8,84.8
11414111,3,1961,1990,12.5,7.7,17.2,58.5
11414111,4,1961,1990,14.7,9.7,19.6,44.9
11414111,5,1961,1990,18.2,12.6,23.7,27.3
11414111,6,1961,1990,22.1,16.4,27.7,10
11414111,7,1961,1990,25.2,19.1,31.3,2.4
11414111,8,1961,1990,25.9,20.1,31.6,5.3
11414111,9,1961,1990,23.7,18.3,29,31.1
11414111,10,1961,1990,19.8,14.8,24.8,83.7
11414111,11,1961,1990,15.3,10.7,19.9,84.2
11414111,12,1961,1990,12.2,8,16.3,101.9
11515111,1,1961,1990,11.5,7.2,15.7,59.3
11515111,2,1961,1990,12,7.4,16.5,57.2
11515111,3,1961,1990,13.2,8.3,18.1,46.7
11515111,4,1961,1990,15.6,10.4,20.7,37.8
11515111,5,1961,1990,19.3,13.7,24.9,22.6
11515111,6,1961,1990,23.2,17.3,29,10.4
11515111,7,1961,1990,26.3,20,32.6,2.3
11515111,8,1961,1990,26.8,20.8,32.7,6.7
11515111,9,1961,1990,24.4,19,29.7,36
11515111,10,1961,1990,20.4,15.5,25.2,66.1
11515111,11,1961,1990,15.9,11.3,20.5,53.7
11515111,12,1961,1990,12.5,8.2,16.7,63.1
11817211,1,1961,1990,10.6,5.4,15.7,48.5
11817211,2,1961,1990,11.3,5.3,17.3,37.1
11817211,3,1961,1990,12.9,6.8,19,38.2
11817211,4,1961,1990,15.5,8.3,22.8,34.9
11817211,5,1961,1990,19.8,12.3,27.3,18.7
11817211,6,1961,1990,23.8,15.8,31.8,9.2
11817211,7,1961,1990,27.3,18.7,35.8,12.2
11817211,8,1961,1990,28,19.8,36.1,21.7
11817211,9,1961,1990,25.3,18,32.5,25.6
11817211,10,1961,1990,21.7,15.6,27.7,40.2
11817211,11,1961,1990,15.3,10.1,20.5,42.8
11817211,12,1961,1990,11.9,6.7,17.1,45.9
12827211,1,1961,1990,11.9,8.8,15,66.7
12827211,2,1961,1990,12.1,8.9,15.3,56
12827211,3,1961,1990,13,9.6,16.3,48
12827211,4,1961,1990,14.9,11.3,18.3,29.2
12827211,5,1961,1990,18.1,14.4,21.7,17.3
12827211,6,1961,1990,21.8,17.9,25.7,6.2
12827211,7,1961,1990,24.7,20.6,28.8,3.2
12827211,8,1961,1990,25.6,21.7,29.4,7
12827211,9,1961,1990,23.8,20.2,27.3,34.5
12827211,10,1961,1990,20.3,17,23.5,77.9
12827211,11,1961,1990,16.2,12.9,19.4,65.3
12827211,12,1961,1990,13.2,10,16.3,70
12827532,1,1961,1990,12.5,9.4,15.5,96.4
12827532,2,1961,1990,12.6,9.4,15.9,47
12827532,3,1961,1990,14,10.7,17.3,54.8
12827532,4,1961,1990,15.2,11.8,18.6,35
12827532,5,1961,1990,19,15.3,22.7,24.4
12827532,6,1961,1990,22.4,18.9,25.9,6.2
12827532,7,1961,1990,25.1,21.5,28.9,2
12827532,8,1961,1990,26.9,22.9,30.9,2.3
12827532,9,1961,1990,24.8,21.3,28.3,42.4
12827532,10,1961,1990,21.6,18.4,24.9,52.7
12827532,11,1961,1990,17.1,14.1,20.3,90.2
12827532,12,1961,1990,13.5,10.4,16.6,94.2
12828111,1,1961,1990,12.1,8.4,15.8,59.2
12828111,2,1961,1990,12.6,8.9,16.4,34
12828111,3,1961,1990,13.6,9.9,17.2,37.6
12828111,4,1961,1990,15.7,12,19.4,27.3
12828111,5,1961,1990,18.8,15.2,22.4,15.8
12828111,6,1961,1990,22.8,18.7,26.8,8.3
12828111,7,1961,1990,26,21.6,30.4,5.2
12828111,8,1961,1990,26.7,22.6,30.6,10.4
12828111,9,1961,1990,24.8,20.9,28.7,28.8
12828111,10,1961,1990,21.5,18.1,24.9,47.7
12828111,11,1961,1990,16.8,13.3,20.4,45.1
12828111,12,1961,1990,13.5,9.9,17,49.7
12828231,1,1961,1990,11.1,6.4,15.8,56.8
12828231,2,1961,1990,11.9,7.2,16.6,47.6
12828231,3,1961,1990,14,9.1,18.9,48
12828231,4,1961,1990,15.2,9.8,20.5,32.2
12828231,5,1961,1990,18,11.8,24.4,21.7
12828231,6,1961,1990,23.2,17.5,28.8,9.9
12828231,7,1961,1990,25.2,19.2,31.2,3.6
12828231,8,1961,1990,26.9,21.3,32.5,9
12828231,9,1961,1990,25,20.4,29.7,41.4
12828231,10,1961,1990,21.5,16.8,26.2,67.7
12828231,11,1961,1990,16.6,11.6,21.5,52.4
12828231,12,1961,1990,12,6.7,17.3,54.5
12828631,1,1961,1990,12,9.2,15.1,77.7
12828631,2,1961,1990,12.5,9.3,15.8,36
12828631,3,1961,1990,13.8,10,17.6,57.6
12828631,4,1961,1990,15.7,11.9,19.5,38.3
12828631,5,1961,1990,19.4,15.1,23.8,20.8
12828631,6,1961,1990,23.6,18.9,28.3,4.2
12828631,7,1961,1990,26.6,21.6,31.5,2.1
12828631,8,1961,1990,27.5,22.7,32.3,4.9
12828631,9,1961,1990,24.8,20.7,28.7,42.6
12828631,10,1961,1990,21.1,17.6,24.5,65.9
12828631,11,1961,1990,17,14,20,79.8
12828631,12,1961,1990,13.7,10.6,16.5,76.9
12929111,1,1961,1990,10,4.9,15,58.4
12929111,2,1961,1990,10.3,5,15.7,56.5
12929111,3,1961,1990,12.8,7,18.7,58.1
12929111,4,1961,1990,14.5,8.1,20.9,40.7
12929111,5,1961,1990,19.1,12,26.3,24.4
12929111,6,1961,1990,23.6,15.9,31.3,11.3
12929111,7,1961,1990,26.5,18.3,34.6,5
12929111,8,1961,1990,27.6,19.4,35.8,12.6
12929111,9,1961,1990,25.3,18.9,31.7,29.6
12929111,10,1961,1990,21,15.3,26.8,71.3
12929111,11,1961,1990,15.2,9.9,20.5,50
12929111,12,1961,1990,10.5,5.8,15.4,54.3
22323111,1,1961,1990,9.9,5,14.8,85.3
22323111,2,1961,1990,10.5,4.5,16.4,77.1
22323111,3,1961,1990,11.9,6.1,17.6,64.1
22323111,4,1961,1990,14.9,7.7,22.1,50.7
22323111,5,1961,1990,19.1,11.5,26.7,28.7
22323111,6,1961,1990,23.2,14.9,31.4,17.8
22323111,7,1961,1990,27,18.4,35.4,4.6
22323111,8,1961,1990,27.8,19.5,36.1,6
22323111,9,1961,1990,24.8,17.3,32.3,37
22323111,10,1961,1990,20.9,14.3,27.5,65.8
22323111,11,1961,1990,14.6,9.2,19.9,63.8
22323111,12,1961,1990,10.9,6,15.7,72.6
22323731,1,1961,1990,9.1,4.6,13.6,77.7
22323731,2,1961,1990,9.7,4.7,14.7,68.9
22323731,3,1961,1990,11.2,5.7,16.8,69.7
22323731,4,1961,1990,13.2,7.1,19.3,51.9
22323731,5,1961,1990,17.8,10.5,25.1,30.7
22323731,6,1961,1990,22.5,14.7,30.4,19.2
22323731,7,1961,1990,25.7,17.3,34,7.7
22323731,8,1961,1990,26.2,18.3,34.1,11.1
22323731,9,1961,1990,23,16.2,29.7,33.5
22323731,10,1961,1990,18.1,12.4,23.9,58.4
22323731,11,1961,1990,13.5,8.4,18.6,51.9
22323731,12,1961,1990,10.3,5.8,14.8,72.2
22323831,1,1961,1990,12.3,8.2,16.4,134.9
22323831,2,1961,1990,12.6,8.7,16.6,94
22323831,3,1961,1990,13.4,8.7,18.1,87.3
22323831,4,1961,1990,15.9,11.5,20.3,84.7
22323831,5,1961,1990,22.2,16.9,27.7,37.5
22323831,6,1961,1990,24.7,19.3,30.1,14.7
22323831,7,1961,1990,27.5,21.1,33.9,4.3
22323831,8,1961,1990,28.5,22.3,34.9,7.3
22323831,9,1961,1990,24.8,20,29.7,32.3
22323831,10,1961,1990,20.4,15.7,25.2,105.9
22323831,11,1961,1990,16.6,12.4,20.8,163.1
22323831,12,1961,1990,13.3,9.1,17.5,155.6
22525111,1,1961,1990,9.9,5,15.2,58.5
22525111,2,1961,1990,10.5,5,16.4,51.3
22525111,3,1961,1990,11.8,5.9,18.3,52.4
22525111,4,1961,1990,14.6,7.7,21.6,41.9
22525111,5,1961,1990,19.1,11.2,27.1,29.4
22525111,6,1961,1990,23.7,15.4,32.1,18.8
22525111,7,1961,1990,27,18.1,36.1,3.9
22525111,8,1961,1990,27.1,18.8,35.9,14.9
22525111,9,1961,1990,24.2,16.7,31.8,32.1
22525111,10,1961,1990,19.4,12.7,26.1,45.2
22525111,11,1961,1990,14.4,8.5,20.4,42.1
22525111,12,1961,1990,11,5.8,16.2,55.8
22525211,1,1961,1990,11.9,8.1,15.6,140.7
22525211,2,1961,1990,12.1,8.1,16.1,118.3
22525211,3,1961,1990,12.9,8.6,17.2,97.3
22525211,4,1961,1990,15,10.4,19.6,68.8
22525211,5,1961,1990,18.1,13.3,22.9,35.9
22525211,6,1961,1990,21.6,16.3,26.7,12.3
22525211,7,1961,1990,24.8,19.3,30.2,4.2
22525211,8,1961,1990,25,19.7,30.3,11.2
22525211,9,1961,1990,23.3,18.3,28.3,50.4
22525211,10,1961,1990,20.2,15.5,24.9,117.1
22525211,11,1961,1990,15.6,11.4,19.7,135.4
22525211,12,1961,1990,12.9,8.9,16.9,157.6
22525331,1,1961,1990,7.5,4.1,10.9,231.9
22525331,2,1961,1990,8,4.3,11.7,228.2
22525331,3,1961,1990,10.2,5.9,14.4,165.9
22525331,4,1961,1990,10.7,6.3,15,160.7
22525331,5,1961,1990,15.7,10.8,20.7,69.9
22525331,6,1961,1990,20.1,14.9,25.2,27.6
22525331,7,1961,1990,23.1,17.5,28.7,8.8
22525331,8,1961,1990,24.8,18.7,30.9,21.8
22525331,9,1961,1990,22.3,16.7,27.9,63.6
22525331,10,1961,1990,17.4,12.6,22.3,145.7
22525331,11,1961,1990,12.3,8.3,16.3,142.9
22525331,12,1961,1990,7.9,4.5,11.3,216
23232111,1,1961,1990,7.4,2.2,12.6,61.8
23232111,2,1961,1990,8.6,3,14.1,65
23232111,3,1961,1990,10.9,4.9,16.9,67.7
23232111,4,1961,1990,12.2,5.5,18.9,53.8
23232111,5,1961,1990,17.9,10.2,25.7,43.1
23232111,6,1961,1990,22.9,14.5,31.3,24.5
23232111,7,1961,1990,25.5,16.7,34.3,10.6
23232111,8,1961,1990,26.4,17.5,35.3,22.4
23232111,9,1961,1990,23.9,16.4,31.5,32.6
23232111,10,1961,1990,18.8,12.3,25.4,65.7
23232111,11,1961,1990,12.8,7,18.7,35.5
23232111,12,1961,1990,7.9,2.9,13,50.4
23232231,1,1961,1990,9.8,4.7,14.9,44.5
23232231,2,1961,1990,10.6,5.1,16.2,36.9
23232231,3,1961,1990,12.4,6.4,18.4,51.7
23232231,4,1961,1990,14.7,8.4,21,34.7
23232231,5,1961,1990,19.5,12.1,26.8,29
23232231,6,1961,1990,24,16.2,31.9,15
23232231,7,1961,1990,27.1,18.5,35.8,3.1
23232231,8,1961,1990,27.4,19.2,35.6,14.9
23232231,9,1961,1990,24.1,17,31.4,26.2
23232231,10,1961,1990,19.2,13,25.5,38.4
23232231,11,1961,1990,14.3,8.7,20,42.2
23232231,12,1961,1990,10.9,5.8,16,56.1
23434111,1,1961,1990,8.7,3.8,13.4,45.3
23434111,2,1961,1990,9.7,4,15.2,33
23434111,3,1961,1990,11.1,5.3,16.8,37.3
23434111,4,1961,1990,14.4,7.6,21.2,53.9
23434111,5,1961,1990,18.8,11.4,26.2,52
23434111,6,1961,1990,23.7,15.5,31.8,18.9
23434111,7,1961,1990,27,18.4,35.5,7.6
23434111,8,1961,1990,26.5,18.2,34.7,20.2
23434111,9,1961,1990,23.3,15.9,30.6,20.7
23434111,10,1961,1990,18.8,12.6,24.9,60.3
23434111,11,1961,1990,13.8,8.5,19.1,54.9
23434111,12,1961,1990,9.8,4.9,14.7,47.6
33535111,1,1961,1990,11.5,6.2,16.9,23.5
33535111,2,1961,1990,12.6,6.9,18.3,23.9
33535111,3,1961,1990,14.2,8.2,20.2,33.1
33535111,4,1961,1990,16.9,10.6,23.3,29.9
33535111,5,1961,1990,21,14.1,28.3,18.9
33535111,6,1961,1990,25.4,17.9,32.9,10.4
33535111,7,1961,1990,28.5,20.6,36.8,4.9
33535111,8,1961,1990,28.7,21.1,36.3,12.3
33535111,9,1961,1990,25.4,19.1,31.9,39
33535111,10,1961,1990,20.8,15,26.5,48.1
33535111,11,1961,1990,15.9,10.3,21.6,28
33535111,12,1961,1990,12.5,7.2,17.8,33.8
33535321,1,1961,1990,9.1,4.2,14,37.9
33535321,2,1961,1990,10.1,4.9,15.3,34.6
33535321,3,1961,1990,11.6,6.2,17.2,44.7
33535321,4,1961,1990,14.5,8.4,20.5,40.1
33535321,5,1961,1990,18.5,11.7,25.3,33.3
33535321,6,1961,1990,22.8,15,30.5,17.6
33535321,7,1961,1990,26,17.7,34.3,9.8
33535321,8,1961,1990,26.2,18.2,34.1,20.7
33535321,9,1961,1990,22.6,16.1,29.3,44.6
33535321,10,1961,1990,18,12.2,23.8,57.1
33535321,11,1961,1990,13.6,8.1,19.1,29
33535321,12,1961,1990,10.1,5.2,15.2,32.3
33737131,1,1961,1990,11.7,7.4,16,31.2
33737131,2,1961,1990,11.8,7.8,15.9,31.3
33737131,3,1961,1990,14.5,10.4,18.6,32.1
33737131,4,1961,1990,15.9,11.2,20.6,26.6
33737131,5,1961,1990,19.7,15.1,24.1,14.2
33737131,6,1961,1990,23.2,19.1,27.2,6.4
33737131,7,1961,1990,25.8,21.5,30.1,1.6
33737131,8,1961,1990,27.8,23.4,32.2,10.5
33737131,9,1961,1990,26.3,22,30.6,32.1
33737131,10,1961,1990,22.7,18.5,27,63.8
33737131,11,1961,1990,17.3,13,21.6,32.5
33737131,12,1961,1990,12.8,8.5,17.2,51
33737331,1,1961,1990,11.5,6.5,16.6,36.2
33737331,2,1961,1990,12.1,6.8,17.5,40.2
33737331,3,1961,1990,13.8,8.3,19.3,38.6
33737331,4,1961,1990,16.1,10.7,21.5,30.7
33737331,5,1961,1990,19.8,14.1,25.6,20.7
33737331,6,1961,1990,23.7,17.9,29.6,11.4
33737331,7,1961,1990,26.8,20.4,33.3,3.6
33737331,8,1961,1990,27.1,21,33.3,11.3
33737331,9,1961,1990,24.7,19.2,30.3,30.9
33737331,10,1961,1990,20.4,15.2,25.6,59
33737331,11,1961,1990,15.8,10.4,21.2,51.2
33737331,12,1961,1990,12.3,7.2,17.5,40.8
33737721,1,1961,1990,12.2,7.4,17,39.9
33737721,2,1961,1990,12.2,7.5,17.1,37.4
33737721,3,1961,1990,13.9,8.9,18.9,35.7
33737721,4,1961,1990,15.3,10.1,20.4,28.9
33737721,5,1961,1990,18.9,13.7,24.2,20.4
33737721,6,1961,1990,22.5,17.5,27.4,9
33737721,7,1961,1990,24.9,19.6,30.2,1.2
33737721,8,1961,1990,26.7,21.4,31.9,14.7
33737721,9,1961,1990,24.8,19.9,29.9,25.1
33737721,10,1961,1990,21.4,16.5,26.4,51.7
33737721,11,1961,1990,16.9,11.8,22,53.2
33737721,12,1961,1990,13.4,8.4,18.4,56.9
34040111,1,1961,1990,12,7.5,16.4,36
34040111,2,1961,1990,12.8,8.3,17.3,31.6
34040111,3,1961,1990,14.1,9.8,18.5,34
34040111,4,1961,1990,16.2,11.9,20.6,25.3
34040111,5,1961,1990,19.6,15.1,24.1,12.7
34040111,6,1961,1990,23.4,18.8,28,5.9
34040111,7,1961,1990,26.4,21.2,31.5,1
34040111,8,1961,1990,27.1,22.2,32,7.2
34040111,9,1961,1990,24.9,20.6,29.2,34.7
34040111,10,1961,1990,21,16.8,25.2,63.2
34040111,11,1961,1990,16.3,11.9,20.8,35.1
34040111,12,1961,1990,13,8.6,17.3,59.2
34242111,1,1952,2005,12.4,8.1,16.6,33.8
34242111,2,1952,2005,12.6,8.4,16.9,30.4
34242111,3,1952,2004,14.3,10.2,18.4,21.3
34242111,4,1951,2004,16.3,12.3,20.2,18.4
34242111,5,1951,2004,19.2,15.1,23.4,13.3
34242111,6,1951,2004,22.7,18.7,26.7,3.7
34242111,7,1952,2004,25.7,21.4,30,0.3
34242111,8,1951,2004,26.6,22.5,30.8,4.4
34242111,9,1951,2004,24.7,20.7,28.8,55.8
34242111,10,1951,2004,21.4,17.4,25.4,59.4
34242111,11,1951,2004,17,12.6,21.3,42.9
34242111,12,1951,2004,13.5,9.3,17.8,44.9
34242131,1,1961,1990,12.5,8.7,16.2,31.9
34242131,2,1961,1990,12.6,8.6,16.7,34.5
34242131,3,1961,1990,14.5,10.7,18.3,27.2
34242131,4,1961,1990,16,12.7,19.2,23.3
34242131,5,1961,1990,19.2,15.7,22.8,10.4
34242131,6,1961,1990,22.6,20,25.3,6.5
34242131,7,1961,1990,25.3,22.3,28.3,1
34242131,8,1961,1990,27,23.9,30.1,5.4
34242131,9,1961,1990,26,23.3,28.8,37.7
34242131,10,1961,1990,23.1,20.1,26.1,74.4
34242131,11,1961,1990,18,14.4,21.7,33.4
34242131,12,1961,1990,13.4,9.4,17.5,61.3
44848111,1,1961,1990,10.2,4.8,15.5,20.1
44848111,2,1961,1990,11.5,5.7,17.3,17.5
44848111,3,1961,1990,13.4,7.4,19.4,32
44848111,4,1961,1990,16.3,9.7,22.8,20.7
44848111,5,1961,1990,20.3,13.2,27.4,21.7
44848111,6,1961,1990,24.9,17,32.8,10.7
44848111,7,1961,1990,27.8,19.3,36.2,10
44848111,8,1961,1990,27.8,20.1,35.5,10.7
44848111,9,1961,1990,24.4,17.6,31.1,43.7
44848111,10,1961,1990,19.9,14,25.7,42.1
44848111,11,1961,1990,14.6,9.1,19.9,17.4
44848111,12,1961,1990,11.2,5.7,16.7,26.8
44849232,1,1961,1990,10.3,4.9,16.1,25.7
44849232,2,1961,1990,12,5.9,18.2,15.7
44849232,3,1961,1990,14.2,7.8,20.5,26.2
44849232,4,1961,1990,16.9,10.4,23.7,13.5
44849232,5,1961,1990,20.9,13.8,28.2,14
44849232,6,1961,1990,25.2,17.6,33,5.8
44849232,7,1961,1990,28.2,20,36.4,3.1
44849232,8,1961,1990,28.4,20.7,36.1,7.8
44849232,9,1961,1990,25.1,18.6,31.6,28
44849232,10,1961,1990,20.4,14.6,26.1,39
44849232,11,1961,1990,15,9.1,21.1,14.7
44849232,12,1961,1990,11.5,5.9,17.3,20.6
45050111,1,1961,1990,11.3,5.8,16.7,23
45050111,2,1961,1990,12.2,6.5,18,19.4
45050111,3,1961,1990,14,8.4,19.5,23.3
45050111,4,1961,1990,16.4,11,21.8,17.6
45050111,5,1961,1990,19.8,14.4,25.4,9.2
45050111,6,1961,1990,23.4,17.8,28.9,3.9
45050111,7,1961,1990,26,19.9,32,1.1
45050111,8,1961,1990,26.7,21.1,32.2,4.7
45050111,9,1961,1990,24.8,19.8,29.8,24.8
45050111,10,1961,1990,21,16.1,26,56.9
45050111,11,1961,1990,15.9,10.6,21.4,21.3
45050111,12,1961,1990,12.2,6.7,17.6,28.9
45051221,1,1961,1990,11.1,5.2,17,25.8
45051221,2,1961,1990,12.3,6.1,18.7,15.5
45051221,3,1961,1990,14.6,8.4,20.8,20.9
45051221,4,1961,1990,17.2,11.1,23.2,14.1
45051221,5,1961,1990,20.5,14.2,26.9,9.9
45051221,6,1961,1990,25,18.2,31.7,3.7
45051221,7,1961,1990,27.1,20.1,34.3,0.8
45051221,8,1961,1990,27.8,21,34.5,4.3
45051221,9,1961,1990,25.7,19.8,31.5,27
45051221,10,1961,1990,21.2,15.5,26.9,47.2
45051221,11,1961,1990,16.1,10.3,22,16.7
45051221,12,1961,1990,12.4,6.6,18.3,29.9
46565111,1,1961,1990,12,7.5,16.5,24.3
46565111,2,1961,1990,13.3,8.4,18.1,18.1
46565111,3,1961,1990,15.1,10.4,19.7,23.2
46565111,4,1961,1990,17.7,13.6,21.8,12.7
46565111,5,1961,1990,20.8,16.9,24.6,6.6
46565111,6,1961,1990,24,20.7,27.3,2.7
46565111,7,1961,1990,26.6,22.6,30.6,0.5
46565111,8,1961,1990,27.4,23.5,31.3,0.7
46565111,9,1961,1990,25.6,21.7,29.5,22.6
46565111,10,1961,1990,21.7,17.4,26,44.1
46565111,11,1961,1990,16.8,12.1,21.5,26.7
46565111,12,1961,1990,13,8.4,17.5,29.7
46565711,1,1961,1990,10.8,6.3,15.4,57.8
46565711,2,1961,1990,12.4,7.2,17.8,13.2
46565711,3,1961,1990,15.2,9.7,20.8,20.1
46565711,4,1961,1990,17.4,11.5,23.3,11.6
46565711,5,1961,1990,20.9,14.6,27.2,5.1
46565711,6,1961,1990,24.8,18.7,31,2.6
46565711,7,1961,1990,27.9,21.4,34.4,0.1
46565711,8,1961,1990,29.7,23.3,36.2,1.1
46565711,9,1961,1990,26.9,21.1,32.7,18.5
46565711,10,1961,1990,22.6,17.1,28.3,42.8
46565711,11,1961,1990,16.9,11.5,22.4,11.5
46565711,12,1961,1990,12.4,7.3,17.5,30.1
46565931,1,1961,1990,11.9,7,16.7,52.4
46565931,2,1961,1990,12.8,7.5,18.2,14.3
46565931,3,1961,1990,15.3,10.1,20.6,21
46565931,4,1961,1990,17.5,11.8,23.2,19.1
46565931,5,1961,1990,21.3,15.5,27.1,4.5
46565931,6,1961,1990,24.6,19.1,30.2,3.2
46565931,7,1961,1990,27.3,21.5,33.1,0.3
46565931,8,1961,1990,29.2,23.1,35.2,0.5
46565931,9,1961,1990,27,21.6,32.5,27.2
46565931,10,1961,1990,23.1,17.8,28.5,18.2
46565931,11,1961,1990,17.6,12.5,22.7,5.8
46565931,12,1961,1990,13.1,8.1,18.1,34.4
57070111,1,1961,1990,12.1,7.2,17.1,20.7
57070111,2,1961,1990,14.1,8.5,19.7,16.8
57070111,3,1961,1990,15.9,10.1,21.6,27.1
57070111,4,1961,1990,19.1,12.9,25.2,14.1
57070111,5,1961,1990,22.5,16.2,28.8,7
57070111,6,1961,1990,26.4,19.7,33.1,1.2
57070111,7,1961,1990,29,21.9,36,0.1
57070111,8,1961,1990,29.7,22.9,36.4,0.6
57070111,9,1961,1990,26.9,21,32.8,16.2
57070111,10,1961,1990,22.9,17.2,28.4,31.6
57070111,11,1961,1990,17.3,12.3,22.3,19.7
57070111,12,1961,1990,13.3,8.3,18.3,28.3
57070211,1,1961,1990,12.5,8.9,15.9,28
57070211,2,1961,1990,13.5,9.2,17.5,20.5
57070211,3,1961,1990,15.2,11,19.5,19.6
57070211,4,1961,1990,17.8,13.4,22,13.3
57070211,5,1961,1990,21,16.4,25.5,5
57070211,6,1961,1990,24.4,19.7,28.6,1.4
57070211,7,1961,1990,26.9,21.9,31.9,0.3
57070211,8,1961,1990,27.7,22.9,32.3,1.5
57070211,9,1961,1990,25.9,21.6,29.9,21.2
57070211,10,1961,1990,22.3,18.2,26,53.5
57070211,11,1961,1990,17.3,13.7,21.3,32.6
57070211,12,1961,1990,13.7,10.2,17.1,36
57070621,1,1961,1990,12.2,7.3,17.2,22
57070621,2,1961,1990,13.3,8.2,18.5,17.3
57070621,3,1961,1990,15.7,11.1,20.3,24.2
57070621,4,1961,1990,17.4,13.1,21.8,10.6
57070621,5,1961,1990,20.7,16.9,24.5,6.2
57070621,6,1961,1990,24,20.6,27.5,1
57070621,7,1961,1990,26.4,22.7,30.2,0.2
57070621,8,1961,1990,27.9,23.8,32,2.4
57070621,9,1961,1990,27.5,23.7,31.2,26.6
57070621,10,1961,1990,24.5,19.8,29.1,43.1
57070621,11,1961,1990,18.6,13.8,23.4,34.7
57070621,12,1961,1990,13.2,8.1,18.4,50.6
57070831,1,1961,1990,12.4,7.2,17.7,22.1
57070831,2,1961,1990,13.7,8,19.4,17.5
57070831,3,1961,1990,15.7,10.1,21.4,27.6
57070831,4,1961,1990,18.9,13,24.9,9.6
57070831,5,1961,1990,22,16.2,27.9,6.1
57070831,6,1961,1990,25.8,20.2,31.5,0.3
57070831,7,1961,1990,28,22.1,33.9,0.1
57070831,8,1961,1990,29.1,23.3,34.9,1.1
57070831,9,1961,1990,27.4,22.2,32.7,17.1
57070831,10,1961,1990,23.6,17.8,29.5,33.4
57070831,11,1961,1990,18.1,12.2,24,33.7
57070831,12,1961,1990,13.8,8.2,19.5,29.1
57272111,1,1961,1990,11.3,6.8,15.8,19.3
57272111,2,1961,1990,13.2,7.8,18.5,9.8
57272111,3,1961,1990,15.9,10.4,21.3,17
57272111,4,1961,1990,18.7,12.4,24.9,10.2
57272111,5,1961,1990,22.9,16.5,29.4,7
57272111,6,1961,1990,26.8,19.9,33.7,0.6
57272111,7,1961,1990,29.2,22.1,36.2,0.1
57272111,8,1961,1990,29.4,22.4,36.2,1.7
57272111,9,1961,1990,28.5,22,34.9,8.7
57272111,10,1961,1990,25.2,18.9,31.5,13.4
57272111,11,1961,1990,17.5,12.4,22.7,7.6
57272111,12,1961,1990,12,7.1,16.9,11.9
57272511,1,1961,1990,11.5,6.6,16.5,6.8
57272511,2,1961,1990,13.7,8,19.2,7.2
57272511,3,1961,1990,15.7,9.7,21.7,20.1
57272511,4,1961,1990,19.4,12.7,26.1,11.9
57272511,5,1961,1990,23.4,16,30.7,4.1
57272511,6,1961,1990,27.3,19.4,35.1,2.1
57272511,7,1961,1990,29,21,36.8,0.2
57272511,8,1961,1990,29.6,21.8,37.2,0.2
57272511,9,1961,1990,26.8,20.1,33.4,5.8
57272511,10,1961,1990,22,16,27.9,12.6
57272511,11,1961,1990,16.4,11.1,21.8,9.3
57272511,12,1961,1990,12.2,7.3,17.1,11.3
57272512,1,1961,1990,10.3,4,16.5,7.4
57272512,2,1961,1990,12.8,5.9,19.7,2.6
57272512,3,1961,1990,16.1,8.9,23.1,14.2
57272512,4,1961,1990,21.2,13.7,28.6,2.9
57272512,5,1961,1990,25.6,17.8,33.4,1
57272512,6,1961,1990,30.6,22.3,38.8,0.6
57272512,7,1961,1990,31.7,23.5,39.9,0.1
57272512,8,1961,1990,31.8,23.7,39.8,0.1
57272512,9,1961,1990,28.5,21.1,35.8,2.5
57272512,10,1961,1990,23.4,16.5,30.1,3.9
57272512,11,1961,1990,16.1,9.8,22.3,7
57272512,12,1961,1990,10.9,4.9,16.8,7.1
64545111,1,1961,1990,9.4,4.1,14.7,20.6
64545111,2,1961,1990,11.1,5.4,17,15.8
64545111,3,1961,1990,13.7,7.7,19.7,21.8
64545111,4,1961,1990,17.1,10.7,23.6,12.1
64545111,5,1961,1990,21.7,14.8,28.7,12.8
64545111,6,1961,1990,26.1,18.7,33.7,7.4
64545111,7,1961,1990,28.9,21.3,36.8,0.6
64545111,8,1961,1990,28.7,21.5,36.2,5.9
64545111,9,1961,1990,25.3,18.8,31.6,20
64545111,10,1961,1990,19.8,14,25.7,20.7
64545111,11,1961,1990,14,8.4,19.8,14.4
64545111,12,1961,1990,10,4.7,15.4,21.6
64646111,1,1961,1990,7.7,2.1,13.3,19.7
64646111,2,1961,1990,8.7,3,14.5,18.1
64646111,3,1961,1990,11.7,5.5,17.8,35
64646111,4,1961,1990,13.4,6.5,20.2,24
64646111,5,1961,1990,18.3,10.8,25.8,31.3
64646111,6,1961,1990,23.5,15,32.1,28.7
64646111,7,1961,1990,26.3,17.3,35.3,12.7
64646111,8,1961,1990,26.2,17.5,34.9,22
64646111,9,1961,1990,23.7,16.1,31.3,40.6
64646111,10,1961,1990,18.9,12.1,25.7,34.8
64646111,11,1961,1990,13.2,7.1,19.2,16.3
64646111,12,1961,1990,8.6,2.9,14.2,19.3
64646311,1,1961,1990,5.6,2.2,9,47.7
64646311,2,1961,1990,7.1,3.2,11.1,30.2
64646311,3,1961,1990,8.6,4.1,13,60.8
64646311,4,1961,1990,11.3,6.1,16.5,41.8
64646311,5,1961,1990,15.7,9.8,21.6,44.6
64646311,6,1961,1990,21.1,14.4,27.8,39.4
64646311,7,1961,1990,24.8,17.8,31.6,9.4
64646311,8,1961,1990,24.2,17.7,30.6,25
64646311,9,1961,1990,20.1,14.5,25.7,37.6
64646311,10,1961,1990,15.6,11,20.2,37.9
64646311,11,1961,1990,10,6.3,13.6,36.4
64646311,12,1961,1990,7,3.6,10.4,40.3
64646831,1,1961,1990,9.3,4,14.8,21.9
64646831,2,1961,1990,10.6,4.9,16.3,19.4
64646831,3,1961,1990,12.4,6.4,18.4,36.2
64646831,4,1961,1990,15.2,8.6,21.8,22.4
64646831,5,1961,1990,19.3,12.1,26.7,26.9
64646831,6,1961,1990,24,16.1,31.9,28.4
64646831,7,1961,1990,26.8,18.4,35.4,12
64646831,8,1961,1990,26.2,18.6,34.1,24.4
64646831,9,1961,1990,23.3,16.6,30.1,50.3
64646831,10,1961,1990,18,12.1,24.1,36.4
64646831,11,1961,1990,13.8,8.1,19.8,17.3
64646831,12,1961,1990,10.1,4.8,15.8,20
66060111,1,1961,1990,11.5,6.3,16.7,13.4
66060111,2,1961,1990,13.8,8.2,19.4,8.7
66060111,3,1961,1990,16.4,10.4,22.3,10.5
66060111,4,1961,1990,20.1,13.8,26.4,8.1
66060111,5,1961,1990,24.6,18,31.2,10.6
66060111,6,1961,1990,29.3,22.3,36.3,2.4
66060111,7,1961,1990,32,24.8,39.1,0.1
66060111,8,1961,1990,32,25.1,38.9,1.7
66060111,9,1961,1990,28.3,22.2,34.4,13
66060111,10,1961,1990,22.6,17,28.2,10
66060111,11,1961,1990,16.4,11.1,21.7,10.3
66060111,12,1961,1990,12,6.8,17.2,11.6
66464111,1,1961,1990,11.5,6.4,16.5,12.7
66464111,2,1961,1990,13.5,7.2,19.8,9
66464111,3,1961,1990,16.6,10.3,22.8,18
66464111,4,1961,1990,20.3,13.6,27,9.9
66464111,5,1961,1990,24.2,17.3,31.1,6.9
66464111,6,1961,1990,28.1,21,35.3,1.4
66464111,7,1961,1990,31,23.5,38.5,0.1
66464111,8,1961,1990,31.2,24.2,38.2,0.4
66464111,9,1961,1990,28.8,22,35.7,12.5
66464111,10,1961,1990,24.1,17.6,30.6,12.7
66464111,11,1961,1990,17,11,22.9,9.1
66464111,12,1961,1990,11.2,5.3,17,14.4
